FROTA;ANO;MES;LAT;LON;EFF;LAGE;BRANCA;BANDOLIM
BRA;1998;1;0;25;24520;1600;100;2900
BRA;1998;1;0;30;155450;38500;1000;43900
BRA;1998;1;5;25;34300;15800;900;7900
BRA;1998;1;10;30;192666;8800;101800;7500
BRA;1998;1;10;35;109705;4100;71900;1500
BRA;1998;1;20;25;19380;400;1200;400
BRA;1998;2;0;30;96830;7800;400;22200
BRA;1998;2;5;25;27460;900;200;4900
BRA;1998;2;5;30;7820;700;300;300
BRA;1998;2;10;30;62368;2300;23200;1800
BRA;1998;2;10;35;71910;3100;40800;1200
BRA;1998;2;15;25;18900;1300;2200;200
BRA;1998;3;5;20;105300;1200;400;26100
BRA;1998;3;15;35;186646;5600;161200;700
BRA;1998;4;0;30;16800;27100;2900;11400
BRA;1998;4;10;35;18528;300;19400;500
BRA;1998;4;15;35;139528;700;107300;800
BRA;1998;5;0;35;4830;100;100;100
BRA;1998;5;30;45;34920;300;23200;800
BRA;1998;5;35;40;141868;2000;140800;300
BRA;1998;5;35;45;72390;1200;62600;200
BRA;1998;5;35;50;30200;100;22200;400
BRA;1998;6;15;25;30500;1800;700;200
BRA;1998;6;30;30;3720;200;3700;100
BRA;1998;6;30;45;215100;14000;184000;3900
BRA;1998;6;35;45;82630;10000;69900;1700
BRA;1998;6;35;50;7200;600;5200;100
BRA;1998;7;15;25;36200;1900;900;700
BRA;1998;7;25;45;11040;100;3200;100
BRA;1998;7;30;45;273670;15100;167700;5500
BRA;1998;7;30;50;117034;10800;139400;9400
BRA;1998;7;35;40;3840;100;2400;100
BRA;1998;7;35;45;62140;2300;38000;1800
BRA;1998;8;10;30;4500;100;200;400
BRA;1998;8;25;45;10560;600;13600;1000
BRA;1998;8;30;45;180036;29500;88500;31600
BRA;1998;8;30;50;200333;22200;166600;13200
BRA;1998;9;0;45;3600;200;900;100
BRA;1998;9;25;45;49440;1400;24300;600
BRA;1998;9;30;45;128165;7200;26200;2800
BRA;1998;9;30;50;19584;300;4400;400
BRA;1998;9;35;45;6304;300;1500;100
BRA;1998;10;0;0;3550;200;200;600
BRA;1998;10;0;20;15600;100;100;2100
BRA;1998;10;0;25;25359;800;2300;2200
BRA;1998;10;0;30;38913;2500;500;6600
BRA;1998;10;5;30;156272;8600;101300;8900
BRA;1998;10;10;30;27260;3300;8200;1800
BRA;1998;10;10;35;33540;2300;6500;5400
BRA;1998;10;15;35;84780;1700;62400;100
BRA;1998;10;20;35;62020;1000;22300;100
BRA;1998;11;0;25;115935;6100;800;25400
BRA;1998;11;0;30;134458;10700;2000;25500
BRA;1998;11;5;30;294009;8000;157400;13100
BRA;1998;11;10;15;2850;100;400;200
BRA;1998;11;10;30;270882;4200;109000;2800
BRA;1998;11;10;35;182603;5200;93400;700
BRA;1998;11;15;10;2700;200;400;100
BRA;1998;11;15;15;1800;200;100;100
BRA;1998;11;20;25;6500;400;500;100
BRA;1998;12;0;25;116693;4200;200;29700
BRA;1998;12;5;25;37980;600;1000;5900
BRA;1998;12;10;25;11800;200;3900;700
BRA;1998;12;10;30;430002;5100;170100;3300
BRA;1998;12;10;35;103480;1200;31500;800
BRA;1998;12;15;25;24200;2000;4400;900
BRA;1998;12;15;30;205760;2100;94000;300
BRA;1999;1;0;30;11405;8295,33;5064,83;324,1744
BRA;1999;1;20;40;15400;82,9533;57,95;7,3676
BRA;1999;2;0;30;49045;27291,6357;602,68;2298,6912
BRA;1999;2;0;35;12200;3069,2721;11,59;243,1308
BRA;1999;2;20;30;13200;497,7198;776,53;29,4704
BRA;1999;2;20;40;29400;165,9066;34,77;58,9408
BRA;1999;2;25;40;15700;497,7198;162,26;58,9408
BRA;1999;2;25;45;26156;1078,3929;139,08;243,1308
BRA;1999;3;0;30;68455;66030,8268;3210,43;3698,5352
BRA;1999;3;0;35;7232;6885,1239;11,59;412,5856
BRA;1999;3;20;25;14550;995,4396;197,03;7,3676
BRA;1999;3;20;30;21300;11696,4153;753,35;58,9408
BRA;1999;3;20;40;18100;248,8599;57,95;29,4704
BRA;1999;3;20;45;8070;248,8599;46,36;139,9844
BRA;1999;3;25;45;53501;2405,6457;220,21;567,3052
BRA;1999;4;0;25;14600;10949,8356;81,13;390,4828
BRA;1999;4;0;30;51716;28867,7484;2804,78;2070,2956
BRA;1999;4;0;35;8752;4479,4782;498,37;139,9844
BRA;1999;4;5;30;2000;248,8599;11,59;22,1028
BRA;1999;4;20;25;10516;1659,066;81,13;14,7352
BRA;1999;4;20;30;24311;10866,8823;370,88;125,2492
BRA;1999;4;20;40;35000;6802,1706;1135,82;58,9408
BRA;1999;5;0;25;3100;1161,3462;34,77;29,4704
BRA;1999;5;0;30;39900;27042,7758;683,81;832,5388
BRA;1999;5;20;25;14400;1990,8792;57,95;66,3084
BRA;1999;5;20;30;6000;414,7665;11,59;7,3676
BRA;1999;5;20;40;9400;912,4863;312,93;2939,6724
BRA;1999;5;25;45;41000;331,8132;3001,81;1075,6696
BRA;1999;6;0;30;23800;8958,9564;394,06;287,3364
BRA;1999;6;0;35;10210;414,7665;127,49;7,3676
BRA;1999;6;20;40;5000;82,9533;150,67;1259,8596
BRA;1999;6;25;40;4200;165,9066;382,47;29,4704
BRA;1999;6;25;45;38480;1327,2528;2271,64;250,4984
BRA;1999;6;30;45;12900;1742,0193;2364,36;81,0436
BRA;1999;7;5;30;13900;3235,1787;336,11;162,0872
BRA;1999;7;25;40;63300;20489,4651;2758,42;1075,6696
BRA;1999;7;25;45;54660;2903,3655;1900,76;1267,2272
BRA;1999;8;0;35;7220;2654,5056;11,59;44,2056
BRA;1999;8;5;30;11120;1742,0193;57,95;14,7352
BRA;1999;8;20;40;25200;663,6264;718,58;302,0716
BRA;1999;8;25;40;47400;1990,8792;1877,58;1105,14
BRA;1999;8;25;45;42860;11032,7889;2063,02;302,0716
BRA;1999;8;30;45;22700;15595,2204;1750,09;169,4548
BRA;1999;9;0;30;800;165,9066;11,59;14,7352
BRA;1999;9;0;35;11290;4728,3381;104,31;22,1028
BRA;1999;9;5;30;5400;1078,3929;173,85;139,9844
BRA;1999;9;20;40;21200;1161,3462;46,36;7,3676
BRA;1999;9;25;40;36800;1327,2528;718,58;287,3364
BRA;1999;9;25;45;20600;1244,2995;683,81;125,2492
BRA;1999;9;30;45;19500;4562,4315;486,78;36,838
BRA;1999;10;0;30;4800;995,4396;173,85;58,9408
BRA;1999;10;0;35;13500;5309,0112;301,34;810,436
BRA;1999;10;20;40;11400;165,9066;139,08;22,1028
BRA;1999;10;25;40;28600;2488,599;359,29;110,514
BRA;1999;10;25;45;33800;1990,8792;231,8;154,7196
BRA;1999;10;30;40;8000;3318,132;127,49;58,9408
BRA;1999;10;30;45;17000;3235,1787;475,19;117,8816
BRA;1999;10;30;50;2000;18249,726;428,83;66,3084
BRA;1999;11;0;30;25800;19908,792;741,76;1554,5636
BRA;1999;11;0;35;6400;4230,6183;57,95;361,0124
BRA;1999;11;5;30;12000;5226,0579;776,53;14,7352
BRA;1999;11;10;35;21000;11115,7422;788,12;51,5732
BRA;1999;11;15;35;13000;2571,5523;347,7;117,8816
BRA;1999;11;20;40;7000;248,8599;11,59;7,3676
BRA;1999;12;0;30;19200;13355,4813;486,78;1046,1992
BRA;1999;12;0;35;12300;14102,061;23,18;346,2772
BRA;1999;12;5;30;13800;4562,4315;556,32;58,9408
BRA;1999;12;10;35;2630;829,533;289,75;14,7352
BRA;1999;12;20;35;21100;29116,6083;822,89;44,2056
BRA;1999;12;25;45;20200;912,4863;23,18;7,3676
BRA;2000;1;0;30;66400;12827,76;1524,37;17725,18
BRA;2000;1;0;35;4000;348,04;21,47;2261,13
BRA;2000;1;5;30;1000;447,48;21,47;51,98
BRA;2000;2;0;25;3400;348,04;21,47;831,68
BRA;2000;2;0;30;124030;18446,12;4637,52;21909,57
BRA;2000;2;0;35;9200;2013,66;42,94;2754,94
BRA;2000;2;5;30;900;223,74;42,94;25,99
BRA;2000;3;0;20;1000;74,58;42,94;25,99
BRA;2000;3;0;25;11200;2610,3;236,17;1429,45
BRA;2000;3;0;30;73390;11535,04;3091,68;6939,33
BRA;2000;3;0;35;22600;2013,66;579,69;5457,9
BRA;2000;4;0;25;20720;1019,26;128,82;2884,89
BRA;2000;4;0;30;24700;1019,26;128,82;1637,37
BRA;2000;5;0;20;1000;24,86;42,94;77,97
BRA;2000;5;0;25;10700;422,62;558,22;675,74
BRA;2000;5;0;30;14700;969,54;300,58;1299,5
BRA;2000;5;0;35;20880;1690,48;236,17;519,8
BRA;2000;5;5;30;11600;447,48;64,41;493,81
BRA;2000;6;5;30;12030;845,24;42,94;415,84
BRA;2000;6;10;25;5480;74,58;300,58;77,97
BRA;2000;6;30;45;5100;129,95;531,1;33,9
BRA;2000;7;0;30;15900;931,12;42,94;1092,71
BRA;2000;7;5;30;26300;1038,47;1187,63;1770,71
BRA;2000;7;10;30;13400;546,92;987,62;493,81
BRA;2000;7;25;45;28000;4796,85;3802,45;442,96
BRA;2000;7;30;45;13350;4723,4;2113,1;169,5
BRA;2000;7;30;50;10000;870,1;2615,95;519,8
BRA;2000;8;0;30;14400;720,94;21,47;1091,58
BRA;2000;8;5;30;37270;757,1;1748,11;1498,38
BRA;2000;9;0;35;20800;1588,78;21,47;33,9
BRA;2000;9;5;30;10600;253,12;375,16;765,01
BRA;2000;9;30;45;7200;1627,2;135,6;67,8
BRA;2000;9;30;50;11800;4497,4;293,8;33,9
BRA;2000;10;0;30;9850;1939,08;386,46;1403,46
BRA;2000;10;5;30;27200;795,52;791;1779,75
BRA;2000;10;10;30;13200;56,5;169,5;1921
BRA;2000;10;30;50;14000;7887,4;1017;1553,75
BRA;2000;11;0;30;44887;6255,68;792,13;5049,97
BRA;2000;11;5;30;13200;565;1808;2457,75
BRA;2000;11;30;45;24100;751,45;292,67;96,05
BRA;2000;11;30;50;5000;378,55;135,6;16,95
BRA;2000;12;0;30;42050;4592,32;7297,54;1987,67
BRA;2000;12;5;30;21168;1837,38;2904,1;2499,56
BRA;2000;12;10;25;9600;101,7;1276,9;361,6
BRA;2000;12;30;45;11000;412,45;113;254,25
BRA;2001;1;0;25;7900;2013,999;98,0275;1213,846
BRA;2001;1;0;30;71750;13528,1566;1882,8625;12919,064
BRA;2001;1;0;35;34350;3972,515;39,211;592,12
BRA;2001;1;15;20;3600;56,5;389,85;67,8
BRA;2001;2;0;20;1190;309,846;19,6055;266,454
BRA;2001;2;0;25;26810;2663,184;236,622;9407,702
BRA;2001;2;0;30;115210;14065,901;2372,2655;21794,084
BRA;2001;2;0;35;8050;278,8614;137,2385;236,848
BRA;2001;2;10;30;1200;309,846;39,211;177,636
BRA;2001;3;0;20;2300;76,1846;36,5555;67,8
BRA;2001;3;0;25;16380;938,6458;381,488;1446,174
BRA;2001;3;0;30;105216;15394,894;3110,7205;15699,316
BRA;2001;3;0;35;18800;1826,2608;134,583;714,838
BRA;2001;4;0;25;37520;2695,6602;254,8715;3049,418
BRA;2001;4;0;30;84580;11957,8634;2643,5785;6082,338
BRA;2001;4;0;35;7400;526,7382;117,633;769,756
BRA;2001;5;0;30;33900;3372,5754;1409,9575;1496,12
BRA;2001;5;0;35;4600;526,7382;58,8165;118,424
BRA;2001;5;15;30;1200;30,9846;39,211;266,454
BRA;2001;6;0;30;19700;1115,4456;333,2935;2398,086
BRA;2001;7;0;30;18800;2602,7064;196,055;3227,054
BRA;2001;9;5;25;8960;350,3;197,75;694,95
BRA;2001;10;0;25;4300;61,9692;155,2055;1103,332
BRA;2001;10;5;25;19550;214,7;870,1;3260,05
BRA;2001;11;0;25;7000;92,9538;137,2385;1598,724
BRA;2001;12;5;30;2850;509,63;1817,04;113
BRA;2002;2;0;25;7800;2131,18;188,71;1098,36
BRA;2002;2;0;30;13100;6543,83;73,45;1654,32
BRA;2002;2;0;35;3100;624,89;28,25;149,16
BRA;2002;2;5;30;1300;207,92;22,6;40,68
BRA;2002;2;30;35;29550;540,5;20,34;15
BRA;2002;3;0;25;5000;1039,6;22,6;325,44
BRA;2002;3;0;30;16370;1830,6;216,96;978,58
BRA;2002;3;5;25;1000;711,9;22,6;153,68
BRA;2002;3;5;30;1300;311,88;113;81,36
BRA;2002;3;5;35;7000;3000,15;50,85;653,14
BRA;2002;3;25;30;10250;129,8290323;113;87
BRA;2002;3;25;40;20220;1103,120732;29,95;2273,15
BRA;2002;3;25;45;18600;196,4166667;175,3888889;57,85714286
BRA;2002;3;30;25;111880;5310,159376;1536,306667;213
BRA;2002;3;30;30;55070;386,8935484;443,2166667;200,2857143
BRA;2002;3;30;35;14560;169,4020737;19,96666667;6,571428571
BRA;2002;3;30;40;14000;49,42857143;217,3111111;26,28571429
BRA;2002;4;0;25;1800;159,33;27,12;117,52
BRA;2002;4;5;35;2000;1576,35;39,55;307,36
BRA;2002;4;25;45;14150;108,7294118;432,1176471;440,1451613
BRA;2002;4;30;45;17100;343,7627528;922,9609533;358,1067767
BRA;2002;4;30;50;37670;2778,321871;2349,645538;1159,960853
BRA;2002;4;35;50;2200;146,1859649;145,0758621;251,8372093
BRA;2002;5;25;45;49960;467,6304348;1479,313174;302,0077519
BRA;2002;5;30;45;48910;802,0478998;4997,074441;1535,379264
BRA;2002;5;30;50;70530;8920,121665;11339,26238;9570,912984
BRA;2002;6;25;45;28390;375,2591549;1177,494954;190,8703704
BRA;2002;6;30;45;29550;9369,219459;3530,260465;1207,412156
BRA;2002;6;30;50;73190;55710,1809;11004,59379;9792,467474
BRA;2002;7;25;45;59550;109,6;3562,268572;928,0798587
BRA;2002;7;30;45;66590;7177,276109;8467,459465;2131,040936
BRA;2002;7;30;50;89550;23451,95296;8940,169899;6253,285246
BRA;2002;8;25;40;9300;2648;1560,5;78
BRA;2002;8;25;45;54595;621,5817391;4353,941966;604,7086957
BRA;2002;8;30;45;32615;1548,478261;1636,495726;912,3913043
BRA;2002;8;30;50;29260;5214,9;1152,592308;2097,1
BRA;2002;9;25;45;56155;12495,3;3813,55;772,65
BRA;2002;9;30;45;37800;2909;1629;665
BRA;2002;9;30;50;43240;7898,022222;3305,577778;9483,65
BRA;2002;9;35;50;3400;373;724;37
BRA;2002;10;30;45;20000;3963,461538;367,5;355
BRA;2002;10;30;50;11200;972,7076923;107,7;56,5
BRA;2002;10;35;45;19250;122,35;77,15;183
BRA;2002;11;30;25;8400;127,8;33,9;117,2333333
BRA;2002;11;30;30;33700;1155,4;216,05;425
BRA;2002;11;30;45;4600;281;33,33333333;117,8571429
BRA;2002;11;30;50;36150;11954;1022,666667;4769,485714
BRA;2002;12;30;30;12850;787,1;15;160,4
BRA;2002;12;30;45;1200;3700;15;40
BRA;2003;9;0;25;11200;915;452;100
BRA;2003;9;0;30;2400;90;135;65
BRA;2003;9;5;30;13440;1005;880;230
BRA;2003;10;5;30;23520;140;2175;1610
BRA;2003;11;0;25;2880;1500;940;822
BRA;2003;11;5;25;20800;8100;6595;3995
BRA;2003;11;10;25;6240;2780;620;1480
BRA;2003;12;5;25;4160;1305;725;1420
BRA;2003;12;5;30;2080;980;90;340
BRA;2003;12;10;25;5200;1560;965;1275
BRA;2003;1;30;50;15480;349;182;336
BRA;2003;1;35;50;3900;29;29;45
BRA;2003;2;30;30;9740;139;21;22
BRA;2003;2;30;40;6700;105;61;12
BRA;2003;3;30;50;15400;119;114;113
BRA;2003;4;25;45;15200;226;774;96
BRA;2003;4;30;45;13800;110;883;201
BRA;2003;4;30;50;10500;63;879;81
BRA;2003;5;25;45;18900;1096;72;90
BRA;2003;5;30;45;37250;2110;1743;258
BRA;2003;5;30;50;37850;4806;6484;3251
BRA;2003;6;25;45;23400;971;294;339
BRA;2003;6;30;45;31000;3974;2745;1408
BRA;2003;6;30;50;37400;6741;4622;4848
BRA;2003;7;25;45;46420;2551;9190;4206
BRA;2003;7;30;45;42040;240;3645;648
BRA;2003;7;30;50;38930;1087;1952;1753
BRA;2003;8;25;45;16600;723;671;105
BRA;2003;8;30;45;71100;19944;7535;1129
BRA;2003;8;30;50;12500;853;1331;1272
BRA;2003;9;25;40;13150;93;90;121
BRA;2003;9;25;45;21200;287;1124;388
BRA;2003;9;30;45;6450;209;474;311
BRA;2003;9;30;50;46200;11668;3758;4796
BRA;2003;10;30;45;27370;606;319;60
BRA;2003;10;30;50;9910;1255;248;689
BRA;2003;11;25;45;138960;197;309;198
BRA;2003;11;30;45;33600;1130;297;110
BRA;2003;11;30;50;27000;578;425;1469
BRA;2003;5;0;30;15300;210;350;460
BRA;2003;7;0;30;15600;3420;80;3405
BRA;2003;7;5;30;1300;70;20;90
BRA;2003;8;0;30;3980;223;85;20
BRA;2003;8;5;30;800;25;45;100
BRA;2003;9;0;25;12000;1200;350;1640
BRA;2003;9;5;30;10800;1740;60;600
BRA;2003;10;0;25;28400;1050;470;1766
BRA;2003;11;0;25;41200;2874;1118;4958
BRA;2003;11;0;30;63100;8979;1161;16622
BRA;2003;11;0;35;1250;130;20;300
BRA;2003;11;5;30;6000;641;542;592
BRA;2003;12;0;30;44000;5029;1264;10984
BRA;2003;4;30;50;5250;830;2430;265
BRA;2003;4;35;50;750;70;455;50
BRA;2003;5;30;45;750;140;90;110
BRA;2003;5;30;50;6000;1360;1320;370
BRA;2003;6;30;50;2250;810;300;240
BRA;2003;6;35;45;750;440;200;90
BRA;2003;6;35;50;1500;520;290;80
BRA;2003;8;30;50;3000;420;520;460
BRA;2003;8;35;50;1500;280;420;220
BRA;2003;9;30;50;8102;5785;1190;970
BRA;2003;10;30;50;7850;5975;485;260
BRA;2003;11;30;50;7134;2870;395;920
BRA;2003;11;35;50;1435;270;50;230
BRA;2003;12;30;50;1450;310;20;170
BRA-ESP;2003;1;20;25;40656;4639;1840;5015
BRA-ESP;2003;1;20;30;4150;1235;610;985
BRA-ESP;2003;1;20;45;1050;275;75;260
BRA-ESP;2003;10;0;0;2052;210;20;165
BRA-ESP;2003;10;0;25;16406;2510;220;1406
BRA-ESP;2003;10;0;30;7714;630;220;980
BRA-ESP;2003;11;0;25;24472;1760;700;2350
BRA-ESP;2003;11;0;30;3306;895;480;800
BRA-ESP;2003;11;5;25;7346;445;180;810
BRA-ESP;2003;11;5;30;3306;240;320;540
BRA-ESP;2003;12;0;30;16058;4915;840;4265
BRA-ESP;2003;12;0;35;1073;700;80;345
BRA-ESP;2003;12;5;30;1070;120;60;330
BRA-ESP;2003;12;20;20;26510;11319;10292;2571
BRA-ESP;2003;12;20;25;18949;3760;4280;2730
BRA;2004;4;30;40;19000;110;806;186
BRA;2004;4;30;45;17090;126;520;18419
BRA;2004;5;30;45;20200;260;1299;318
BRA;2004;5;30;50;2080;52;63;8
BRA;2004;6;25;45;20430;1145;867;309
BRA;2004;6;30;45;30700;2704;2465;472
BRA;2004;6;30;50;8600;8290;978;187
BRA;2004;7;25;45;21640;120;466;183
BRA;2004;7;30;45;30450;216;703;220
BRA;2004;7;30;50;9850;5592;1495;479
BRA;2004;8;25;45;15000;156;120;105
BRA;2004;8;30;50;6300;12857;3464;978
BRA;2004;9;25;40;7500;167;65;46
BRA;2004;9;25;45;40200;788;679;413
BRA;2004;9;30;45;43000;1264;501;630
BRA;2004;9;30;50;1900;2189;31;93
BRA;2004;10;25;45;3800;17;122;22
BRA;2004;10;30;45;29750;384;445;22
BRA;2004;11;30;45;23300;1803;186;65
BRA;2004;12;30;30;21870;13;36;32
BRA;2004;12;30;45;9000;270;26;33
BRA;2004;1;0;30;86540;9259;1183;14373
BRA;2004;1;0;35;11200;178;35;645
BRA;2004;2;0;30;27000;4712;2571;4925
BRA;2004;2;0;35;2400;280;40;680
BRA;2004;3;0;35;47900;6469;136;8542
BRA;2004;4;0;30;7300;1398;684;1080
BRA;2004;4;0;35;22800;4644;172;4202
BRA;2004;5;0;25;13900;1360;80;140
BRA;2004;5;0;30;53000;6498;478;2184
BRA;2004;5;0;35;8400;720;114;175
BRA;2004;6;0;30;56610;10402;726;3677
BRA;2004;6;0;35;4660;467;36;269
BRA;2004;7;0;25;6400;210;28;400
BRA;2004;7;0;30;78112;7412;1147;3766
BRA;2004;7;0;35;17595;450;40;185
BRA;2004;8;0;25;13497;1434;286;7005
BRA;2004;8;0;30;40357;5312;815;6085
BRA;2004;9;0;25;52356;5504;1578;19770
BRA;2004;9;0;30;103538;8830;1506;18546
BRA;2004;10;0;25;109195;12164;3907;31936
BRA;2004;10;0;30;69576;4791;946;10481
BRA;2004;10;0;35;2550;300;20;400
BRA;2004;11;0;30;40755;1366;745;6146
BRA;2004;11;0;35;166310;28177;5120;20493
BRA;2004;12;0;25;11200;595;195;3300
BRA;2004;12;0;30;149499;22637;2407;19291
BRA;2004;12;0;35;69801;4187;637;12028
BRA;2004;12;5;30;11643;568;225;345
BRA;2004;7;30;45;7260;710;245;125
BRA;2004;5;25;40;8850;20;258;190
BRA;2004;5;25;45;32000;700;260;110
BRA;2004;6;25;45;31300;120;1060;80
BRA;2004;7;25;45;39300;105;995;30
BRA;2004;8;25;45;44200;85;400;30
BRA;2004;9;25;40;18200;168;90;130
BRA-ESP;2004;2;15;25;30100;3995;320;12530
BRA-ESP;2004;4;0;30;2000;980;30;160
BRA-ESP;2004;2;0;30;18360;3780;100;3650
BRA-ESP;2004;4;0;30;864;50;380;305
BRA-ESP;2004;8;0;25;23434;1370;170;9505
BRA-ESP;2004;8;0;30;26559;639;135;8705
BRA-ESP;2004;9;0;25;21569;565;130;5750
BRA-ESP;2004;9;0;30;21509;900;230;6785
BRA-ESP;2004;9;5;20;1992;165;125;20
BRA-ESP;2004;9;5;25;15965;308;3203;105
BRA-ESP;2004;10;0;25;5410;85;60;1045
BRA-ESP;2004;10;0;30;32486;1990;1060;9570
BRA-ESP;2004;10;5;25;30574;1174;1629;4789
BRA-ESP;2004;10;5;30;4035;230;157;491
BRA-ESP;2004;10;10;30;20540;426;7156;5658
BRA-ESP;2004;11;0;30;10734;760;250;1630
BRA-ESP;2004;11;0;35;39915;685;590;10597
BRA-ESP;2004;11;5;25;2850;40;1335;540
BRA-ESP;2004;11;5;30;12870;610;1369;4090
BRA-ESP;2004;11;10;25;2140;61;330;134
BRA-ESP;2004;11;10;30;32445;3053;8251;13262
BRA-ESP;2004;11;10;35;5170;364;427;42
BRA-ESP;2004;12;0;30;3290;130;130;217
BRA-ESP;2004;12;0;35;43416;2500;150;18390
BRA-ESP;2004;12;5;30;3210;138;320;422
BRA-ESP;2004;12;10;30;3210;238;750;406
BRA-ESP;1998;2;15;25;18900;1300;2200;200
BRA-ESP;1998;4;0;30;16900;26800;2800;11400
BRA-ESP;1998;4;0;35;1900;4700;700;4000
BRA-ESP;1998;6;15;25;30500;1800;700;200
BRA-ESP;1998;7;15;25;36200;1900;900;700
BRA-ESP;1998;8;5;30;6100;500;100;600
BRA-ESP;1998;8;10;30;4500;100;200;400
BRA-ESP;1998;10;20;35;2300;400;100;100
BRA-ESP;1998;11;5;30;4400;200;100;900
BRA-ESP;1998;11;10;15;2850;100;400;200
BRA-ESP;1998;11;15;10;2700;200;400;100
BRA-ESP;1998;11;15;15;1800;200;100;100
BRA-ESP;1998;11;20;25;6500;400;500;100
BRA-ESP;1998;12;10;25;2200;200;1200;400
BRA-ESP;1998;12;15;25;24200;2000;4400;900
BRA-ESP;1999;1;15;25;35900;3847,65;31010;904
BRA-ESP;1999;2;0;30;11800;12870,7;40;16786,15
BRA-ESP;1999;2;0;35;3500;3423,9;550;2825
BRA-ESP;1999;2;15;25;34500;2005,75;4195;2000,1
BRA-ESP;1999;3;0;35;18700;7977,8;100;12565,6
BRA-ESP;1999;4;0;30;13400;1949,25;40;3565,15
BRA-ESP;1999;5;0;20;5500;627,15;20;56,5
BRA-ESP;1999;5;5;20;3300;203,4;120;180,8
BRA-ESP;1999;6;0;20;8800;45,2;30;56,5
BRA-ESP;1999;6;5;20;13200;627,15;316;508,5
BRA-ESP;1999;6;15;25;30000;700,6;345;1943,6
BRA-ESP;1999;7;15;25;32900;576,3;385;1116,44
BRA-ESP;1999;7;15;30;41520;926,6;1060;1214,75
BRA-ESP;1999;8;5;30;7000;2197,85;1890;5650
BRA-ESP;1999;8;10;30;24900;9175,6;2394;1084,8
BRA-ESP;1999;8;15;30;10100;372,9;220;322,05
BRA-ESP;1999;8;25;40;24600;2875,85;920;1740,2
BRA-ESP;1999;9;25;40;58500;13729,5;2770;45,2
BRA-ESP;1999;9;30;45;11000;1587,65;1585;2220,45
BRA-ESP;1999;9;30;50;4000;350,3;240;785,35
BRA-ESP;1999;10;25;40;45180;6669,26;2485;1401,2
BRA-ESP;1999;10;25;45;7550;870,1;160;67,8
BRA-ESP;1999;10;30;45;11800;1299,5;375;802,3
BRA-ESP;1999;11;5;30;25703;18813,37;2270;5311
BRA-ESP;1999;11;10;30;23728;20234,91;1415;1237,35
BRA-ESP;1999;11;10;35;45660;17857,39;6384;1604,6
BRA-ESP;1999;11;25;40;5000;644,1;70;45,2
BRA-ESP;1999;12;5;30;4230;1695;450;1356
BRA-ESP;2000;6;10;30;83116;1954,9;34811,91;1655,45
BRA-ESP;2000;6;15;25;161887;5220,6;41875,54;5763
BRA-ESP;2000;6;15;30;113106;2384,3;30769,9;4644,3
BRA-ESP;2000;6;20;25;6200;293,8;706,25;62,15
BRA-ESP;2000;7;5;30;8260;910,78;1096,1;548,05
BRA-ESP;2000;7;10;30;34350;1078,02;19523,01;418,1
BRA-ESP;2000;7;10;35;30055;3412,6;5016,07;192,1
BRA-ESP;2000;7;15;25;46180;1513,07;9481,83;282,5
BRA-ESP;2000;7;15;30;128920;4298,52;44378,49;5034,15
BRA-ESP;2000;7;15;35;53677;2021,57;9583,53;186,45
BRA-ESP;2000;8;0;30;11496;1700,65;1841,9;519,8
BRA-ESP;2000;8;10;35;72479;21488,08;26491,72;214,7
BRA-ESP;2000;10;10;35;28100;8994,8;96,05;3333,5
BRA-ESP;2000;11;0;30;2090;1186,5;16,95;915,3
BRA-ESP;2000;11;5;25;23900;1690,48;7052,33;4649,95
BRA-ESP;2000;11;5;30;31160;11141,8;16113,8;10785,85
BRA-ESP;2000;12;5;25;16870;17294,65;265,55;14277,55
BRA-ESP;2000;12;10;25;43749;305,1;51270,36;9994,85
BRA-ESP;2000;12;15;25;26910;870,1;35758,85;10893,2
BRA-ESP;2000;12;20;25;92840;2971,9;27498,55;9989,2
BRA-ESP;2001;1;15;25;126808;2243,05;50947,18;3723,35
BRA-ESP;2001;1;20;25;137270;13424,4;38009,81;2084,85
BRA-ESP;2001;2;15;25;95506;1214,75;42112,84;8152,95
BRA-ESP;2001;2;20;25;61400;943,55;17737,61;807,95
BRA-ESP;2001;4;10;30;9520;2013,66;339;344,65
BRA-ESP;2001;4;15;25;60619;7098,66;7062,5;3825,05
BRA-ESP;2001;4;15;30;64945;9963,21;12701,2;3084,9
BRA-ESP;2001;4;20;25;3100;683,65;113;435,05
BRA-ESP;2001;5;10;25;9125;514,15;276,85;62,15
BRA-ESP;2001;5;15;20;2200;322,05;197,75;387,59
BRA-ESP;2001;5;15;25;127730;49652,2;5952,84;12897,82
BRA-ESP;2001;5;15;30;62660;12234,51;2183,16;4842,05
BRA-ESP;2001;5;20;20;2200;1246,39;531,1;1270,12
BRA-ESP;2001;5;20;25;27000;8699,87;4350,5;8105,49
BRA-ESP;2001;6;10;30;27685;3678,15;875,75;791
BRA-ESP;2001;6;15;25;259255;89680,19;6978,88;21820,3
BRA-ESP;2001;6;15;30;5690;542,4;367,25;461,04
BRA-ESP;2001;6;15;35;3000;485,9;378,55;169,5
BRA-ESP;2001;6;20;20;5500;1769,58;2626,12;670,09
BRA-ESP;2001;6;20;25;47450;16638,12;6104,26;8941,69
BRA-ESP;2001;7;10;25;13745;2175,25;355,95;5343,77
BRA-ESP;2001;7;15;15;1000;339;226;107,35
BRA-ESP;2001;7;15;25;106810;23989,9;5198;15841,47
BRA-ESP;2001;7;15;30;28640;1919,87;1587,65;6935,94
BRA-ESP;2001;7;20;25;32400;27364,08;2863,42;716,42
BRA-ESP;2001;8;10;25;4600;581,95;84,75;466,69
BRA-ESP;2001;9;0;25;3940;442,96;39,55;141,25
BRA-ESP;2001;9;5;20;12000;5123,42;3978,73;2837,43
BRA-ESP;2001;9;5;25;28155;1525,5;531,1;489,29
BRA-ESP;2001;10;5;25;47957;2256,61;4407;3291,69
BRA-ESP;2001;10;5;30;6000;2337,97;265,55;1833,99
BRA-ESP;2001;10;10;30;6062;2005,75;2429,5;1891,62
BRA-ESP;2001;10;10;35;3000;1062,2;762,75;836,2
BRA-ESP;2001;10;15;35;6818;282,5;75,71;169,5
BRA-ESP;2001;11;0;30;5000;2389,95;2271,3;1628,33
BRA-ESP;2001;11;0;35;3000;948,07;1443,01;430,53
BRA-ESP;2001;11;5;25;139935;2632,9;1734,55;16989,55
BRA-ESP;2001;11;5;30;12050;3256,66;3142,53;1111,92
BRA-ESP;2001;11;5;35;2000;1158,25;553,7;401,15
BRA-ESP;2001;11;10;30;20975;6896,39;4634,13;2378,65
BRA-ESP;2001;11;10;35;10000;7128,04;1898,4;1469
BRA-ESP;2001;11;15;35;5000;1397,81;1544,71;1309,67
BRA-ESP;2001;12;5;30;5000;1177,46;1716,47;821,51
BRA-ESP;2001;12;20;20;52707;21922;791;6305,4
BRA-ESP;2001;12;20;25;124222;112909,6;10797,15;12174,62
BRA-ESP;2002;1;20;25;66762;12689,9;8337,14;8517,94
BRA-ESP;2002;1;20;30;7450;2221,58;1452,05;1405,72
BRA-ESP;2002;1;20;45;1050;310,75;84,75;293,8
BRA-ESP;2002;6;15;25;15523;1997,84;90,4;2813,7
BRA-ESP;2002;6;15;30;13967;2047,56;67,8;2904,1
BRA-ESP;2002;7;15;35;7320;2949,3;237,3;1578,61
BRA-ESP;2002;8;25;40;4600;2037,39;1609,12;88,14
BRA-ESP;2002;9;25;45;13980;13130,6;2585,44;46,33
BRA-ESP;2002;9;30;45;900;774,05;107,35;33,9
BRA-ESP;2002;11;25;40;3100;701,73;42,94;45,2
BRA-ESP;2002;12;20;25;43533;339;452;305,1
BRA-ESP;2002;12;20;30;7150;2892,8;1485,95;2378,65
